{"cameraMode":{"drawMode":0,"name":"Shaded","section":"Shading Mode"},"sceneLighting":false,"audioPlay":false,"sceneViewState":{"showFog":true,"showMaterialUpdate":true,"showSkybox":true,"showFlares":true,"showImageEffects":true,"showParticleSystems":true},"in2DMode":false,"pivot":{"x":-0.06253655254840851,"y":1.3110089302062989,"z":0.014393066056072712},"rotation":{"x":-0.014930622652173043,"y":0.7557500600814819,"z":-0.017241470515727998,"w":-0.6544658541679382},"size":2.742553472518921,"orthographic":false}